ALGORITHM,BEST,BEST_AVG,BEST_STD,AVG_ALL,STD_ALL,TIME_AVG,TIME_STD,IT_BEST_AVG,IT_BEST_STD,HASH_SIZE_AVG,HASH_SIZE_STD,HASH_ACCESS_AVG,HASH_ACCESS_STD
GRASP,0.193868,0.193598,0.000409,0.159034,0.022999,815.277395,49.017682,1.3,0.640312,184.7,10.854032,5926.2,236.790118
ILS,0.193868,0.193598,0.000409,0.159034,0.022999,1074.158408,39.140581,1.2,0.6,242.6,8.1265,5795.9,230.601149
GA,0.193905,0.186207,0.017186,0.13801,0.042337,1070.049712,125.922433,13.8,12.781236,77.2,9.042124,2280.0,0.0
GVNS,0.194143,0.193581,0.000413,0.15212,0.030486,2541.422923,177.207613,2.0,0.0,183.1,12.707872,6297.1,498.545976
GVNS-INV,0.194143,0.193581,0.000413,0.156982,0.02542,2119.768351,330.352141,2.0,0.0,153.6,23.908994,4287.6,438.96747
